id_paciente,idade,sexo,cidade,pressao_sistolica,pressao_diastolica,colesterol,data_consulta
1,69,Masculino,Lavras,108,92,143,2024-03-01
2,32,Feminino,Belo Horizonte,153,114,143,2024-03-02
3,24,Masculino,Lavras,100,117,123,2024-03-03
4,45,Feminino,Belo Horizonte,143,66,186,2024-03-04
5,68,Masculino,Rio de Janeiro,134,111,153,2024-03-05
6,75,Feminino,São Paulo,136,116,296,2024-03-06
7,22,Masculino,Rio de Janeiro,101,71,235,2024-03-07
8,22,Masculino,Rio de Janeiro,110,75,142,2024-03-08
9,25,Masculino,Lavras,100,75,228,2024-03-09
10,81,Masculino,Belo Horizonte,94,102,188,2024-03-10
11,27,Masculino,São Paulo,170,112,214,2024-03-11
12,55,Masculino,Lavras,145,95,181,2024-03-12
13,25,Feminino,Lavras,109,72,288,2024-03-13
14,42,Masculino,Lavras,130,66,176,2024-03-14
15,83,Feminino,Rio de Janeiro,135,95,173,2024-03-15
16,67,Feminino,Belo Horizonte,101,106,189,2024-03-16
17,84,Feminino,Belo Horizonte,159,110,220,2024-03-17
18,66,Feminino,São Paulo,106,68,176,2024-03-18
19,53,Feminino,Belo Horizonte,108,91,257,2024-03-19
20,85,Masculino,Belo Horizonte,115,70,287,2024-03-20
21,58,Masculino,Lavras,137,67,254,2024-03-21
22,79,Masculino,Lavras,141,92,222,2024-03-22
23,27,Feminino,Rio de Janeiro,159,82,285,2024-03-23
24,38,Masculino,Lavras,144,84,204,2024-03-24
25,53,Masculino,Lavras,164,115,180,2024-03-25
26,29,Masculino,Lavras,122,67,122,2024-03-26
27,19,Masculino,Lavras,151,104,247,2024-03-27
28,30,Masculino,Rio de Janeiro,177,81,298,2024-03-28
29,70,Feminino,Lavras,112,118,205,2024-03-29
30,49,Masculino,São Paulo,104,63,166,2024-03-30
31,33,Feminino,São Paulo,116,99,195,2024-03-31
32,49,Feminino,São Paulo,164,62,157,2024-04-01
33,49,Feminino,São Paulo,153,88,283,2024-04-02
34,28,Feminino,Lavras,170,100,288,2024-04-03
35,27,Feminino,São Paulo,140,88,260,2024-04-04
36,32,Masculino,Lavras,142,93,206,2024-04-05
37,34,Masculino,Rio de Janeiro,167,93,177,2024-04-06
38,57,Masculino,São Paulo,171,87,169,2024-04-07
39,35,Feminino,Belo Horizonte,140,72,149,2024-04-08
40,72,Masculino,São Paulo,136,74,220,2024-04-09
41,42,Masculino,São Paulo,93,119,144,2024-04-10
42,76,Feminino,Lavras,96,82,231,2024-04-11
43,39,Feminino,São Paulo,124,103,274,2024-04-12
44,47,Feminino,Belo Horizonte,137,85,298,2024-04-13
45,61,Feminino,Lavras,162,63,245,2024-04-14
46,49,Masculino,Lavras,161,85,242,2024-04-15
47,68,Feminino,Rio de Janeiro,134,99,166,2024-04-16
48,63,Feminino,Rio de Janeiro,170,68,237,2024-04-17
49,38,Masculino,São Paulo,170,114,158,2024-04-18
50,49,Masculino,Rio de Janeiro,161,64,135,2024-04-19
51,56,Feminino,Rio de Janeiro,108,115,141,2024-04-20
52,29,Masculino,Rio de Janeiro,152,91,173,2024-04-21
53,64,Feminino,Lavras,127,79,268,2024-04-22
54,35,Feminino,Lavras,156,109,135,2024-04-23
55,38,Masculino,Lavras,148,70,178,2024-04-24
56,30,Masculino,Rio de Janeiro,158,74,150,2024-04-25
57,38,Feminino,Lavras,102,91,289,2024-04-26
58,25,Feminino,Rio de Janeiro,136,87,151,2024-04-27
59,63,Feminino,Lavras,150,81,281,2024-04-28
60,24,Masculino,Lavras,120,100,128,2024-04-29
61,40,Feminino,Belo Horizonte,169,76,258,2024-04-30
62,39,Feminino,São Paulo,111,118,129,2024-05-01
63,39,Feminino,Rio de Janeiro,175,85,136,2024-05-02
64,46,Feminino,Belo Horizonte,132,103,187,2024-05-03
65,30,Feminino,Lavras,156,66,167,2024-05-04
66,19,Masculino,Rio de Janeiro,143,101,299,2024-05-05
67,46,Feminino,Lavras,99,116,230,2024-05-06
68,69,Feminino,São Paulo,131,85,272,2024-05-07
69,44,Feminino,Belo Horizonte,153,84,242,2024-05-08
70,67,Feminino,São Paulo,110,69,268,2024-05-09
71,40,Masculino,Belo Horizonte,169,118,220,2024-05-10
72,61,Masculino,Lavras,165,104,221,2024-05-11
73,39,Masculino,São Paulo,155,78,184,2024-05-12
74,60,Feminino,São Paulo,130,70,170,2024-05-13
75,54,Feminino,Lavras,113,72,155,2024-05-14
76,78,Masculino,São Paulo,124,112,200,2024-05-15
77,73,Masculino,Rio de Janeiro,145,67,246,2024-05-16
78,20,Masculino,Belo Horizonte,119,99,207,2024-05-17
79,80,Feminino,Belo Horizonte,146,63,223,2024-05-18
80,36,Feminino,Belo Horizonte,136,106,134,2024-05-19
81,40,Masculino,Rio de Janeiro,124,90,215,2024-05-20
82,46,Masculino,Belo Horizonte,108,87,286,2024-05-21
83,47,Masculino,Lavras,97,70,242,2024-05-22
84,56,Feminino,São Paulo,115,102,120,2024-05-23
85,42,Feminino,Rio de Janeiro,160,60,270,2024-05-24
86,25,Feminino,Belo Horizonte,119,108,241,2024-05-25
87,75,Masculino,Lavras,96,106,286,2024-05-26
88,33,Masculino,São Paulo,156,111,245,2024-05-27
89,89,Feminino,São Paulo,154,97,176,2024-05-28
90,18,Masculino,Rio de Janeiro,125,83,200,2024-05-29
91,22,Feminino,Rio de Janeiro,114,113,281,2024-05-30
92,20,Masculino,Rio de Janeiro,126,119,288,2024-05-31
93,82,Masculino,Lavras,90,116,192,2024-06-01
94,21,Masculino,Lavras,104,106,260,2024-06-02
95,81,Masculino,Rio de Janeiro,126,90,189,2024-06-03
96,27,Feminino,Belo Horizonte,102,100,125,2024-06-04
97,38,Masculino,São Paulo,97,105,203,2024-06-05
98,63,Feminino,São Paulo,94,109,171,2024-06-06
99,44,Feminino,Lavras,149,85,122,2024-06-07
100,83,Feminino,São Paulo,162,108,200,2024-06-08
101,58,Masculino,Belo Horizonte,90,109,182,2024-06-09
102,30,Feminino,São Paulo,125,64,168,2024-06-10
103,26,Feminino,Lavras,124,79,195,2024-06-11
104,53,Feminino,Lavras,155,111,231,2024-06-12
105,75,Masculino,Belo Horizonte,152,100,294,2024-06-13
106,71,Masculino,Belo Horizonte,112,70,228,2024-06-14
107,29,Feminino,São Paulo,98,115,184,2024-06-15
108,31,Masculino,São Paulo,123,113,200,2024-06-16
109,51,Feminino,Lavras,135,92,134,2024-06-17
110,70,Feminino,Belo Horizonte,167,109,219,2024-06-18
111,37,Masculino,Belo Horizonte,93,97,151,2024-06-19
112,33,Feminino,Belo Horizonte,119,86,215,2024-06-20
113,87,Masculino,São Paulo,164,93,247,2024-06-21
114,73,Masculino,Belo Horizonte,161,74,265,2024-06-22
115,75,Feminino,Lavras,92,91,232,2024-06-23
116,21,Masculino,Lavras,103,117,202,2024-06-24
117,21,Masculino,São Paulo,149,80,162,2024-06-25
118,37,Feminino,Rio de Janeiro,166,105,235,2024-06-26
119,27,Feminino,São Paulo,134,64,282,2024-06-27
120,41,Masculino,Rio de Janeiro,123,65,197,2024-06-28
121,43,Masculino,Belo Horizonte,134,97,177,2024-06-29
122,54,Feminino,São Paulo,150,81,152,2024-06-30
123,71,Masculino,Lavras,172,77,133,2024-07-01
124,38,Masculino,Belo Horizonte,105,73,281,2024-07-02
125,55,Masculino,Lavras,155,69,251,2024-07-03
126,63,Masculino,Belo Horizonte,129,105,178,2024-07-04
127,21,Masculino,São Paulo,106,72,276,2024-07-05
128,77,Masculino,Rio de Janeiro,123,90,202,2024-07-06
129,74,Masculino,Belo Horizonte,105,89,253,2024-07-07
130,62,Feminino,Rio de Janeiro,149,62,240,2024-07-08
131,37,Feminino,Belo Horizonte,155,89,296,2024-07-09
132,34,Feminino,Lavras,155,65,287,2024-07-10
133,88,Feminino,Lavras,179,88,202,2024-07-11
134,21,Feminino,Belo Horizonte,102,67,146,2024-07-12
135,31,Masculino,Rio de Janeiro,145,103,199,2024-07-13
136,20,Masculino,São Paulo,120,104,253,2024-07-14
137,75,Masculino,São Paulo,123,102,132,2024-07-15
138,72,Masculino,Lavras,128,103,183,2024-07-16
139,21,Feminino,São Paulo,156,92,266,2024-07-17
140,41,Masculino,Lavras,97,76,199,2024-07-18
141,51,Masculino,São Paulo,176,107,242,2024-07-19
142,47,Feminino,Belo Horizonte,167,70,162,2024-07-20
143,36,Masculino,Lavras,144,72,208,2024-07-21
144,48,Masculino,Lavras,116,109,267,2024-07-22
145,77,Feminino,Belo Horizonte,142,70,214,2024-07-23
146,77,Masculino,Lavras,128,90,291,2024-07-24
147,36,Masculino,São Paulo,154,87,270,2024-07-25
148,66,Masculino,São Paulo,106,103,121,2024-07-26
149,80,Masculino,Lavras,119,65,239,2024-07-27
150,39,Masculino,São Paulo,142,100,141,2024-07-28
151,41,Feminino,Rio de Janeiro,102,75,234,2024-07-29
152,47,Feminino,Lavras,110,63,176,2024-07-30
153,75,Feminino,Belo Horizonte,108,94,191,2024-07-31
154,48,Feminino,Rio de Janeiro,142,119,126,2024-08-01
155,81,Feminino,Lavras,108,107,238,2024-08-02
156,36,Feminino,Belo Horizonte,146,115,233,2024-08-03
157,65,Masculino,São Paulo,114,118,135,2024-08-04
158,62,Feminino,Belo Horizonte,175,85,202,2024-08-05
159,72,Feminino,Rio de Janeiro,120,116,298,2024-08-06
160,72,Masculino,São Paulo,170,71,191,2024-08-07
161,35,Masculino,Lavras,144,70,243,2024-08-08
162,80,Feminino,São Paulo,112,96,232,2024-08-09
163,64,Masculino,Lavras,121,84,131,2024-08-10
164,74,Feminino,Lavras,151,77,245,2024-08-11
165,62,Masculino,Belo Horizonte,163,78,172,2024-08-12
166,50,Feminino,Belo Horizonte,99,82,194,2024-08-13
167,34,Masculino,Belo Horizonte,161,114,252,2024-08-14
168,87,Masculino,Rio de Janeiro,143,97,146,2024-08-15
169,21,Feminino,Rio de Janeiro,141,113,259,2024-08-16
170,37,Feminino,Belo Horizonte,109,77,264,2024-08-17
171,64,Feminino,Rio de Janeiro,121,85,253,2024-08-18
172,32,Feminino,São Paulo,103,65,216,2024-08-19
173,87,Feminino,São Paulo,139,63,124,2024-08-20
174,64,Masculino,Rio de Janeiro,117,103,176,2024-08-21
175,26,Feminino,Rio de Janeiro,142,110,275,2024-08-22
176,33,Feminino,São Paulo,113,88,197,2024-08-23
177,86,Masculino,Lavras,168,118,188,2024-08-24
178,78,Masculino,São Paulo,111,93,237,2024-08-25
179,27,Feminino,São Paulo,119,76,239,2024-08-26
180,67,Masculino,Rio de Janeiro,152,102,178,2024-08-27
181,20,Masculino,São Paulo,93,102,152,2024-08-28
182,87,Feminino,Rio de Janeiro,166,112,181,2024-08-29
183,68,Masculino,Rio de Janeiro,148,75,169,2024-08-30
184,36,Masculino,Belo Horizonte,176,61,231,2024-08-31
185,59,Feminino,São Paulo,97,93,138,2024-09-01
186,52,Feminino,Lavras,171,114,242,2024-09-02
187,63,Masculino,Belo Horizonte,101,67,166,2024-09-03
188,43,Masculino,Rio de Janeiro,120,72,286,2024-09-04
189,86,Feminino,Rio de Janeiro,167,101,152,2024-09-05
190,81,Masculino,Lavras,123,67,260,2024-09-06
191,54,Masculino,Rio de Janeiro,171,89,203,2024-09-07
192,66,Masculino,São Paulo,164,91,254,2024-09-08
193,38,Feminino,Belo Horizonte,165,95,198,2024-09-09
194,81,Masculino,Rio de Janeiro,138,106,133,2024-09-10
195,22,Masculino,Rio de Janeiro,168,89,266,2024-09-11
196,87,Feminino,Lavras,146,60,247,2024-09-12
197,21,Masculino,São Paulo,115,102,173,2024-09-13
198,56,Masculino,Rio de Janeiro,107,98,267,2024-09-14
199,52,Feminino,Lavras,175,76,148,2024-09-15
200,18,Feminino,Rio de Janeiro,127,118,143,2024-09-16
201,41,Feminino,Lavras,170,79,201,2024-09-17
202,74,Feminino,Lavras,176,83,182,2024-09-18
203,87,Masculino,São Paulo,177,109,224,2024-09-19
204,58,Masculino,Rio de Janeiro,139,81,176,2024-09-20
205,71,Feminino,São Paulo,97,88,255,2024-09-21
206,63,Feminino,Lavras,130,81,181,2024-09-22
207,77,Masculino,Belo Horizonte,95,103,276,2024-09-23
208,77,Feminino,Rio de Janeiro,158,68,136,2024-09-24
209,74,Masculino,Belo Horizonte,133,96,185,2024-09-25
210,48,Feminino,Rio de Janeiro,153,69,125,2024-09-26
211,41,Masculino,São Paulo,118,95,177,2024-09-27
212,53,Feminino,São Paulo,117,96,188,2024-09-28
213,47,Feminino,São Paulo,100,87,275,2024-09-29
214,41,Masculino,São Paulo,154,87,181,2024-09-30
215,47,Feminino,São Paulo,108,101,288,2024-10-01
216,24,Masculino,Belo Horizonte,98,102,201,2024-10-02
217,52,Masculino,São Paulo,116,80,288,2024-10-03
218,72,Masculino,Lavras,123,83,296,2024-10-04
219,31,Masculino,Lavras,133,101,296,2024-10-05
220,27,Masculino,Belo Horizonte,157,119,190,2024-10-06
221,33,Feminino,Rio de Janeiro,171,99,250,2024-10-07
222,71,Feminino,Lavras,104,61,129,2024-10-08
223,87,Masculino,Rio de Janeiro,140,114,217,2024-10-09
224,61,Feminino,Belo Horizonte,102,67,208,2024-10-10
225,62,Masculino,Rio de Janeiro,172,107,154,2024-10-11
226,73,Feminino,Rio de Janeiro,138,86,121,2024-10-12
227,74,Feminino,Rio de Janeiro,159,81,243,2024-10-13
228,38,Feminino,Rio de Janeiro,145,96,143,2024-10-14
229,85,Feminino,Belo Horizonte,165,86,193,2024-10-15
230,67,Masculino,Lavras,140,116,285,2024-10-16
231,50,Masculino,São Paulo,126,88,141,2024-10-17
232,24,Feminino,Rio de Janeiro,106,62,273,2024-10-18
233,87,Feminino,Lavras,147,103,290,2024-10-19
234,32,Masculino,Lavras,176,72,158,2024-10-20
235,49,Feminino,Belo Horizonte,179,104,276,2024-10-21
236,37,Masculino,Lavras,118,69,139,2024-10-22
237,32,Masculino,Belo Horizonte,122,95,160,2024-10-23
238,65,Masculino,Rio de Janeiro,149,68,267,2024-10-24
239,88,Feminino,Rio de Janeiro,178,113,227,2024-10-25
240,38,Masculino,São Paulo,144,115,266,2024-10-26
241,59,Feminino,São Paulo,99,114,203,2024-10-27
242,43,Masculino,São Paulo,136,86,230,2024-10-28
243,31,Feminino,Lavras,112,93,185,2024-10-29
244,74,Feminino,Rio de Janeiro,174,110,277,2024-10-30
245,54,Feminino,Belo Horizonte,110,60,172,2024-10-31
246,75,Masculino,São Paulo,102,91,153,2024-11-01
247,38,Masculino,Belo Horizonte,122,84,269,2024-11-02
248,86,Feminino,Belo Horizonte,113,88,186,2024-11-03
249,20,Feminino,São Paulo,100,66,253,2024-11-04
250,54,Feminino,Rio de Janeiro,106,108,146,2024-11-05
251,66,Masculino,São Paulo,157,62,129,2024-11-06
252,36,Masculino,Belo Horizonte,136,79,192,2024-11-07
253,29,Masculino,São Paulo,114,79,215,2024-11-08
254,78,Masculino,Belo Horizonte,162,112,167,2024-11-09
255,58,Feminino,Belo Horizonte,110,89,189,2024-11-10
256,50,Feminino,São Paulo,173,94,219,2024-11-11
257,67,Masculino,Lavras,172,94,178,2024-11-12
258,85,Masculino,São Paulo,172,108,121,2024-11-13
259,88,Feminino,Lavras,101,98,276,2024-11-14
260,50,Masculino,Belo Horizonte,126,86,184,2024-11-15
261,41,Masculino,Belo Horizonte,131,85,202,2024-11-16
262,78,Masculino,Lavras,106,73,273,2024-11-17
263,78,Masculino,Belo Horizonte,137,76,129,2024-11-18
264,45,Masculino,Lavras,117,77,172,2024-11-19
265,75,Masculino,Lavras,130,104,198,2024-11-20
266,60,Feminino,Belo Horizonte,136,111,178,2024-11-21
267,58,Masculino,Rio de Janeiro,107,88,269,2024-11-22
268,56,Masculino,Lavras,167,79,298,2024-11-23
269,66,Feminino,São Paulo,160,112,167,2024-11-24
270,34,Feminino,São Paulo,102,86,268,2024-11-25
271,87,Feminino,Belo Horizonte,171,77,242,2024-11-26
272,87,Masculino,Rio de Janeiro,102,63,141,2024-11-27
273,82,Feminino,Belo Horizonte,120,60,219,2024-11-28
274,22,Masculino,Rio de Janeiro,91,109,217,2024-11-29
275,19,Masculino,Lavras,105,60,277,2024-11-30
276,39,Masculino,Lavras,98,117,144,2024-12-01
277,74,Feminino,Lavras,162,85,147,2024-12-02
278,83,Feminino,Lavras,127,104,232,2024-12-03
279,33,Feminino,São Paulo,164,79,164,2024-12-04
280,68,Feminino,São Paulo,143,111,187,2024-12-05
281,56,Feminino,Belo Horizonte,145,82,126,2024-12-06
282,57,Masculino,Rio de Janeiro,175,69,168,2024-12-07
283,55,Masculino,Lavras,176,118,256,2024-12-08
284,77,Masculino,Lavras,134,70,283,2024-12-09
285,76,Masculino,Rio de Janeiro,123,100,202,2024-12-10
286,27,Feminino,Rio de Janeiro,98,100,248,2024-12-11
287,81,Feminino,Belo Horizonte,177,64,257,2024-12-12
288,80,Masculino,Rio de Janeiro,97,117,283,2024-12-13
289,66,Feminino,Lavras,96,60,192,2024-12-14
290,81,Feminino,Lavras,125,76,165,2024-12-15
291,49,Masculino,Lavras,107,81,225,2024-12-16
292,24,Masculino,Lavras,92,93,279,2024-12-17
293,38,Feminino,Lavras,117,115,151,2024-12-18
294,37,Feminino,Belo Horizonte,159,104,125,2024-12-19
295,43,Masculino,Lavras,133,100,295,2024-12-20
296,85,Masculino,Belo Horizonte,110,88,285,2024-12-21
297,32,Masculino,Lavras,117,63,264,2024-12-22
298,31,Feminino,São Paulo,143,64,193,2024-12-23
299,44,Masculino,São Paulo,143,70,233,2024-12-24
300,57,Masculino,São Paulo,154,115,146,2024-12-25
301,75,Feminino,São Paulo,110,110,173,2024-12-26
302,45,Feminino,Belo Horizonte,102,80,297,2024-12-27
303,43,Feminino,Belo Horizonte,146,94,282,2024-12-28
304,80,Feminino,Rio de Janeiro,138,71,204,2024-12-29
305,83,Feminino,Lavras,143,85,246,2024-12-30
306,42,Masculino,São Paulo,99,110,272,2024-12-31
307,20,Masculino,Belo Horizonte,142,78,275,2025-01-01
308,89,Feminino,Lavras,133,104,230,2025-01-02
309,61,Feminino,Lavras,136,119,134,2025-01-03
310,59,Feminino,Belo Horizonte,142,66,251,2025-01-04
311,23,Feminino,São Paulo,163,106,212,2025-01-05
312,56,Feminino,Rio de Janeiro,135,114,242,2025-01-06
313,69,Masculino,Lavras,102,66,192,2025-01-07
314,40,Masculino,Rio de Janeiro,126,85,274,2025-01-08
315,67,Masculino,São Paulo,113,99,273,2025-01-09
316,60,Masculino,São Paulo,91,64,266,2025-01-10
317,36,Feminino,Rio de Janeiro,175,80,211,2025-01-11
318,86,Masculino,São Paulo,170,73,136,2025-01-12
319,68,Feminino,Lavras,103,63,162,2025-01-13
320,28,Feminino,Rio de Janeiro,99,82,240,2025-01-14
321,29,Feminino,São Paulo,124,101,160,2025-01-15
322,25,Masculino,Rio de Janeiro,114,79,289,2025-01-16
323,41,Feminino,Lavras,92,74,297,2025-01-17
324,58,Masculino,São Paulo,106,109,287,2025-01-18
325,53,Masculino,Lavras,101,111,158,2025-01-19
326,89,Feminino,São Paulo,143,104,232,2025-01-20
327,72,Feminino,Belo Horizonte,113,88,270,2025-01-21
328,26,Feminino,São Paulo,118,67,230,2025-01-22
329,64,Masculino,Rio de Janeiro,132,100,299,2025-01-23
330,32,Feminino,São Paulo,114,107,166,2025-01-24
331,65,Masculino,Lavras,149,78,182,2025-01-25
332,59,Feminino,Lavras,179,107,229,2025-01-26
333,77,Feminino,São Paulo,154,98,188,2025-01-27
334,87,Masculino,Rio de Janeiro,173,105,162,2025-01-28
335,29,Masculino,Belo Horizonte,117,87,295,2025-01-29
336,19,Masculino,Rio de Janeiro,105,105,153,2025-01-30
337,24,Masculino,Belo Horizonte,136,116,159,2025-01-31
338,20,Masculino,Lavras,170,86,180,2025-02-01
339,20,Masculino,Rio de Janeiro,147,63,297,2025-02-02
340,44,Feminino,Belo Horizonte,165,117,181,2025-02-03
341,57,Feminino,São Paulo,116,74,177,2025-02-04
342,50,Masculino,Lavras,142,94,280,2025-02-05
343,18,Feminino,São Paulo,131,96,194,2025-02-06
344,25,Masculino,Lavras,148,60,135,2025-02-07
345,49,Feminino,Rio de Janeiro,136,62,201,2025-02-08
346,65,Feminino,Rio de Janeiro,123,106,213,2025-02-09
347,21,Masculino,Lavras,126,83,167,2025-02-10
348,87,Masculino,Lavras,95,86,257,2025-02-11
349,36,Masculino,Lavras,96,99,201,2025-02-12
350,49,Feminino,Rio de Janeiro,114,95,157,2025-02-13
